estimate,statistic,p.value,parameter,conf.low,conf.high,method,alternative
13.606666666666667,-1.7280162815453772,0.08557655904673563,194,12.016388771287005,15.19694456204633,One Sample t-test,two.sided
