term,df,statistic,p.value
group,1,6.526101695695984,0.011401557217281847
,193,NA,NA
