estimate,estimate1,estimate2,statistic,p.value,parameter,conf.low,conf.high,method,alternative
-16.358589440504335,9.076595744680851,25.435185185185187,-10.87566679704596,1.6501149351265193e-17,81.05805414408638,-19.351335440174164,-13.365843440834508,Welch Two Sample t-test,two.sided
